date,open,high,low,close,Volume BTC,Volume USD,return,MA7,MA30,MA50,MA100,MA200,volatility7,volatility30,lag1_close,day_of_week,rsi14,macd,macd_signal,macd_diff,atr14,roc5,roc10
2017-07-19,2308.82,2402.5,2223.0,2265.21,17009.88349592,39256668.4177523,-0.016712172973160633,2176.6314285714284,2449.426,2519.4704,2066.353,1555.9635,165.34605694608672,197.01550225368726,2303.71,2,45.889017988488035,-90.1864394073682,-71.05168445964149,-19.134754947726705,183.33002619077578,0.023421298743544927,-0.09474159566475382
2017-07-20,2265.51,2938.0,2265.51,2875.03,30989.89112526,80388585.79656495,0.26921124310770317,2253.0657142857144,2453.927,2531.0108,2082.9134,1565.3499,312.04034268328905,205.25307180110576,2265.21,3,63.8887200760773,-35.455905475352665,-63.93252866278373,28.476623187431066,218.29145289143463,0.45902837336527114,0.23739697432697082
2017-07-21,2880.0,2887.45,2611.39,2670.0,20724.16050338,56456097.015391216,-0.07131403846220741,2318.2985714285714,2454.359,2536.1382,2097.4917,1573.6372000000001,348.0148996057767,205.70844222445166,2875.03,4,57.02096362711178,-8.527471135735595,-52.85151715737411,44.324046021638516,222.41777768490357,0.39234367422286875,0.15785913147555486
2017-07-22,2667.01,2882.0,2644.59,2832.71,12819.63134804,35807314.858699135,0.0609400749063671,2441.4700000000003,2458.3333333333335,2543.0135999999998,2114.0897,1582.6245499999998,356.8730035087177,211.9445974831527,2670.0,5,60.637210584394715,25.64719931422951,-37.15177386305339,62.7989731772829,223.48865070741044,0.27255615453728654,0.18622696817420437
2017-07-23,2824.82,2855.0,2640.0,2749.02,11001.96460067,30309041.77379112,-0.029544146771113167,2560.2400000000002,2460.4656666666665,2547.1751999999997,2129.8765,1590.79505,284.4833065987059,214.60924760231916,2832.71,6,57.93697753493144,45.453824888255895,-20.630654112791536,66.08447900104743,222.882318514024,0.1933012401734593,0.17479989230723225
2017-07-24,2756.8,2800.0,2701.0,2759.98,10001.9150661,27562636.032398764,0.003986875322842254,2636.522857142857,2467.2096666666666,2551.7694,2145.7418,1599.57125,249.3426960172342,220.85682652800145,2749.02,0,58.19949922294042,61.3281460657613,-4.238894077080969,65.56704014284227,214.033581477308,0.21842125012691982,0.24695825822162587
2017-07-25,2759.95,2775.79,2450.0,2564.82,21326.54783885,55119744.58596138,-0.07071065732360371,2673.824285714286,2469.302666666667,2549.1058000000003,2159.7669,1607.9259,207.2308721255228,221.49478852642233,2759.98,1,51.97858640332473,57.49807694767287,8.1085001278698,49.38957681980307,222.01618280035743,-0.10789800454256127,0.30160212330817915
2017-07-26,2564.74,2608.96,2400.0,2524.99,17713.6744658,44110782.620422445,-0.015529354886502866,2710.9357142857143,2472.7616666666663,2541.9908,2173.2514,1616.01985,131.15703651947726,221.52827287578907,2564.82,2,50.785481522695015,50.66473986714573,16.619748075724985,34.04499179142074,221.0835983146176,-0.05431086142322106,0.3167242898786522
2017-07-27,2524.99,2695.0,2509.63,2666.33,11826.47519948,30470881.924916796,0.055976459312710114,2681.121428571428,2476.139333333333,2541.6567999999997,2187.8889,1624.8027499999998,109.58520511890464,223.74454533028106,2524.99,3,54.75438147526493,56.00859554630915,24.49751756984182,31.511077976467334,218.53262700643063,-0.058735274701610884,0.1978122192273135
2017-07-28,2666.33,2825.0,2655.82,2777.01,14069.50149214,38674831.60744748,0.041510240667884446,2696.4085714285716,2483.3763333333336,2541.077,2203.6191999999996,1634.20665,115.10036047273016,229.9717455731263,2666.33,4,57.63554111013945,68.38627625737672,33.2752693073488,35.11100695002792,215.00743936311414,0.010181810245105671,0.2054512069661547
2017-07-29,2777.01,2785.65,2631.78,2680.56,10782.21753675,29162093.8927272,-0.03473159981418872,2674.672857142857,2488.0086666666666,2538.2418,2218.0829,1643.0842000000002,98.19586442654403,232.56974639038643,2777.01,5,54.385480028825995,69.61054147251662,40.542323740382365,29.06821773213425,210.64047940860596,-0.028775570837469844,0.1833604831340141
2017-07-30,2681.6,2774.45,2569.69,2742.37,9678.16126067,25850256.960408095,0.02305861461784109,2673.7228571428573,2497.238,2535.0894,2233.0705,1652.9029500000001,97.38553515354774,237.09514319549703,2680.56,6,56.09417478803381,74.70715334793931,47.37528966189376,27.33186368604555,210.2204451651341,0.06922513080839976,-0.046142127212585704
2017-07-31,2745.76,2889.99,2680.01,2855.81,11114.33554221,30775400.322355956,0.04136568005046737,2687.412857142857,2512.0179999999996,2533.1212,2249.2965999999997,1663.14465,116.40960365798675,245.30303134890565,2742.37,0,59.12078234317474,86.89820648853629,55.279873027222266,31.618333461314023,210.20327051048162,0.13101834066669582,0.06959176029962544
2017-08-01,2855.81,2929.17,2615.0,2731.0,12525.07669112,34319180.323908776,-0.043703887863688395,2711.152857142857,2519.572333333333,2534.4,2264.1866999999997,1672.67035,103.46729929697405,248.52782570476262,2855.81,1,54.65657621174897,85.50295517147106,61.32448945607203,24.178465715399028,217.62946547401864,0.02425431210690343,-0.035905546279004885
2017-08-02,2732.0,2760.0,2650.0,2703.51,9486.62552563,25701752.871771883,-0.010065909923104965,2736.655714285714,2524.673666666667,2534.4098,2278.686,1682.09655,64.65540190299794,250.74468507425064,2731.0,2,53.694860251198726,81.24248242822705,65.30808805050304,15.934394377724004,209.94164651158874,-0.026467315566022442,-0.016554990505707412
2017-08-03,2703.51,2807.44,2698.83,2793.37,7963.69799924,21942378.667501982,0.03323827172823468,2754.804285714286,2531.248666666667,2541.2772,2293.9297,1691.9541,59.22715533073949,255.2287843151417,2703.51,3,56.395765944636956,84.14698404046294,69.07586724849503,15.07111679196791,202.70367176076098,0.04208448980809987,0.01209791375299818
2017-08-04,2793.34,2877.52,2765.91,2855.0,7635.8216719,21649647.013284322,0.02206295621417853,2765.945714285714,2539.652,2549.879,2309.5998,1702.07005,70.3850161272854,261.7364276940937,2793.37,4,58.196713573278274,90.38000400400415,73.33669459959685,17.043309404407296,196.19698092070664,0.041070315092420095,0.11313854383543487
2017-08-05,2851.01,3339.66,2848.32,3263.62,16996.27310091,53864970.99245302,0.14312434325744294,2849.2400000000002,2561.7596666666664,2565.4578,2328.9206999999997,1713.8582000000001,192.15779592130417,293.1664739792031,2855.0,5,67.71714267931287,126.82991988422646,84.03533965652278,42.794580227703676,217.27862514065615,0.1428001162542325,0.29252789119956923
2017-08-06,3263.51,3296.51,3146.1,3222.75,5998.73578852,19415356.185615852,-0.012522904014560465,2917.865714285714,2585.802666666667,2577.3128,2347.8412,1725.53345,229.73528744021553,316.68438862617876,3263.62,6,66.09574589555092,150.6819061734691,97.36465295991204,53.31725321355705,212.50229477346645,0.18006224826071038,0.2086838463356
2017-08-07,3216.78,3430.0,3186.0,3387.55,12046.11726501,40234982.214820005,0.05113645178806925,2993.8285714285716,2613.7186666666666,2594.7241999999997,2368.3867,1737.96615,286.6559321688975,348.7180428738144,3222.75,0,69.28892283793108,180.79862584539978,114.05144753700958,66.7471783083902,214.75213086107598,0.2530192231580426,0.2198551679684264
2017-08-08,3387.54,3490.0,3300.0,3412.41,15835.37020781,54047554.11907721,0.007338637068087461,3091.172857142857,2644.0563333333334,2611.0124,2389.0087,1750.5492,298.0016569704664,377.1216751557713,3387.55,1,69.75172775428985,204.31709708870267,132.10457744734822,72.21251964135445,212.98412151385628,0.22161045618732933,0.27302130898021315
2017-08-09,3408.46,3423.1,3178.72,3342.99,14286.84413824,47355948.73813342,-0.020343393671921062,3182.5271428571427,2678.041,2623.0721999999996,2408.53,1762.6542499999998,254.14565028177012,392.8443185840788,3412.41,2,66.72775684682766,214.87707202760157,148.6590763633989,66.21799566420268,215.22668426286654,0.17092469352014006,0.21901493963250762
2017-08-10,3342.99,3448.0,3311.17,3413.03,9031.12128021,30662056.576518904,0.020951304072103216,3271.0499999999997,2714.942666666667,2638.192,2428.1828,1775.1006,197.64205060327578,408.377806524308,3342.99,3,68.22454595919942,226.28905157200825,164.18507140512077,62.10398016688748,209.6269211012332,0.04578045238109829,0.19511802255752309
2017-08-11,3410.0,3705.0,3390.67,3645.06,11927.37333424,41893016.90826935,0.06798358057210163,3383.9157142857143,2756.8446666666664,2656.8235999999997,2449.6012,1788.7583,136.61958886596818,437.15198853592716,3413.03,4,72.61904881674796,251.16078424558054,181.58021397321272,69.58057027236782,217.1057124511451,0.13104026064696295,0.334697912852435
2017-08-12,3651.74,3934.0,3586.95,3855.1,12351.07466143,46808256.167206496,0.05762319413123507,3468.412857142857,2807.3483333333334,2680.2246,2472.7799,1803.60645,211.95702180035872,473.3531278245239,3645.06,5,75.87202849720585,284.5402809642419,202.1722273714186,82.36805359282332,226.38744727606334,0.13802010302430956,0.4259610654297561
2017-08-13,3855.04,4190.0,3841.71,4053.87,15889.82978854,63678321.19247599,0.05156027081009573,3587.144285714286,2868.6983333333337,2710.1488,2498.1695999999997,1819.4086500000003,274.8588839057354,511.4524164679594,3855.1,6,78.47788918543375,323.3059803197257,226.39897796108002,96.90700235864566,235.09477247063023,0.18797858405056833,0.45124706000279224
2017-08-14,4053.87,4329.43,3964.96,4306.23,14212.30420724,59839433.8064571,0.0622516262238304,3718.384285714285,2946.5556666666666,2746.2327999999998,2525.6517000000003,1836.36565,367.41512824311786,546.5826667115738,4053.87,0,81.24708425514902,370.12485040940965,255.14415245074593,114.98069795866371,244.33586015129953,0.2881372663394146,0.5083117338003502
2017-08-15,4320.95,4400.0,3800.0,4155.67,25515.71801437,104670300.00736423,-0.034963297362193724,3824.5642857142857,3021.1569999999997,2780.9218,2551.6683,1852.5538999999999,371.6276013187219,553.9866303138972,4306.23,1,75.04333041558388,390.5778699906796,282.2308959587327,108.3469740319469,269.7404415690638,0.21758964908014278,0.2733314540295746
2017-08-16,4154.99,4379.78,3926.06,4378.84,12923.63728054,54201451.11392368,0.053702531721719904,3972.542857142857,3092.918333333333,2817.1985999999997,2578.9613,1869.8551,353.7104785797915,585.9466909792519,4155.67,2,77.75474012624558,419.954020716852,309.7755209103566,110.17849980649544,282.88183859984497,0.2013080717464184,0.35872779458536974
2017-08-17,4361.99,4480.0,4167.21,4276.5,14573.18592909,63221690.21138223,-0.023371486512409723,4095.8957142857143,3158.678,2851.5306,2604.5235,1886.67755,265.6722391003132,604.7215937044156,4378.84,3,73.7953197015088,430.0198479727778,333.82438632284084,96.19546164993699,285.01813584271315,0.10930974553189277,0.2624167908960753
2017-08-18,4260.47,4368.0,3964.96,4100.0,17516.99336076,73243722.71898398,-0.04127206828013563,4160.887142857143,3219.8376666666663,2882.6988,2627.7977,1902.5776,178.2728410531047,604.0251441082993,4276.5,4,67.4189872858797,418.92589670066536,350.84468839840576,68.0812083022596,293.44826899680504,0.011379249951281256,0.2014968892952489
2017-08-19,4100.0,4188.0,3900.0,4099.55,15036.18405113,60622180.53812361,-0.0001097560975609202,4195.808571428572,3260.6549999999997,2915.38,2650.5087,1918.2554,124.10154463565361,621.05485037763,4100.0,5,67.40299635220344,405.4240728071227,361.76056528014914,43.66350752697355,293.0591069256047,-0.04799557849905822,0.22631237305525898
2017-08-20,4091.99,4125.95,4000.0,4058.68,6237.9728963200005,25297075.43949622,-0.009969386883926346,4196.495714285714,3306.9443333333334,2948.3054,2674.1803999999997,1933.63045,123.19465773823494,627.2340537777742,4099.55,6,65.87477057650446,386.9652184995648,366.80149592403234,20.16372257553246,281.1227421452043,-0.023339196808216278,0.18917208462861423
2017-08-21,4058.64,4080.0,3949.78,3987.52,9782.05659401,39205294.96854992,-0.01753279391329199,4150.965714285714,3345.438,2977.9683999999997,2696.2867000000006,1948.5222,134.2757806229682,632.5396635316108,4058.68,0,63.18842528247064,362.416711922423,365.9245391237105,-3.507827201287455,270.3439748491183,-0.08936613349654254,0.0939518142362541
2017-08-22,3987.51,4139.31,3600.0,4085.0,23522.75816636,91607936.47028452,0.024446272369793798,4140.87,3389.9706666666666,3008.6589999999997,2719.2967000000003,1963.8622500000001,136.50139962653395,636.1204917685089,3987.52,1,65.277336649614,346.8296288557458,362.1055570701176,-15.275928214371788,289.55583378846706,-0.04477960949374493,0.05963528831936915
2017-08-23,4078.0,4248.97,4051.94,4108.12,14979.40348147,62131225.74471115,0.005659730722154199,4102.1957142857145,3434.908666666667,3038.8989999999994,2743.3231,1979.23695,87.33912026448468,637.697815987632,4085.0,2,65.77342164833715,332.50938281939443,356.18632221997296,-23.676939400578533,282.9468456607194,0.0019804878048779173,0.01338227422191629
2017-08-24,4121.78,4350.0,4082.57,4300.34,10782.69436738,45188812.05087737,0.04679025929135472,4105.601428571428,3492.7593333333334,3072.8477999999996,2769.3263999999995,1995.6833,95.36483741027618,634.7579703506459,4108.12,3,69.65513689881197,332.8343252943969,351.51592283485775,-18.68159754046087,281.8384995420966,0.04897854642582722,-0.0013677857429815754
2017-08-25,4308.8,4449.98,4270.0,4355.98,9699.61003374,42278545.587829076,0.012938511838598732,4142.17,3553.7923333333333,3107.9596,2795.0563,2012.3432500000001,134.07954318240596,626.4688772558641,4300.34,4,70.69130427219187,333.73444460906376,347.95962718969895,-14.225182580635192,274.5628924319468,0.07325041639153618,0.04820161369887388
2017-08-26,4348.17,4369.78,4232.43,4333.38,6559.66860375,28232267.488755032,-0.005188269918594557,4175.574285714286,3609.360666666667,3144.598,2819.6002000000003,2028.7477500000002,149.8876351201373,618.9247271314222,4355.98,5,69.65095821067837,328.8335757574887,344.1344169032569,-15.300841145768231,264.76197154395055,0.08673561511917183,-0.01038174493701527
2017-08-27,4333.38,4393.3,4290.32,4337.68,3979.12445283,17265128.919350695,0.0009922970060323166,4215.431428571429,3661.383,3180.3502000000003,2843.397,2045.18415,150.71588319623672,612.1026069560612,4333.38,6,69.74220001822218,321.58949246058546,339.6254320147226,-18.035939554137144,253.20611643366843,0.061855569155446766,0.014306091429907797
2017-08-28,4329.91,4399.72,4169.01,4379.99,8641.0024459,37082544.51114851,0.009754062079267989,4271.498571428571,3718.0306666666665,3217.9043999999994,2867.0570000000002,2062.1541,122.08118697935524,596.6438307036904,4337.68,0,70.67636994378584,315.62424779821913,334.82519517142197,-19.200947373202837,251.59925097412068,0.0661786900090553,0.06829024390243887
2017-08-29,4385.0,4649.78,4336.26,4578.82,11879.64283069,53506929.23288729,0.04539508081068666,4342.044285714285,3779.2456666666667,3263.0117999999998,2892.6697000000004,2080.0678,137.99200216645633,587.224864817454,4379.99,1,74.63896014322724,323.21484815906297,332.5031257689502,-9.288277609887245,256.0221616188263,0.0647576703237418,0.11690795331194881
2017-08-30,4578.82,4642.22,4479.0,4573.2,8720.03503995,39802266.79965532,-0.0012273904630449861,4408.484285714286,3836.492,3308.3562,2917.402,2097.8718000000003,116.94958569931097,577.7326068788452,4578.82,2,74.33319826686568,325.03022054252733,331.00854472366564,-5.978324181138305,249.39343578891018,0.04986707927951928,0.1267702799925099
2017-08-31,4573.15,4765.21,4566.66,4734.26,8911.41245939,41730807.860144064,0.03521822793667462,4470.472857142858,3903.2673333333337,3355.2813999999994,2942.1023,2116.5394499999998,157.90280879012838,561.0820965188735,4573.2,3,77.2140502937388,335.59656391370254,331.926148561673,3.670415352029522,245.76176180398804,0.09250977297167573,0.18726928015408073
2017-09-01,4734.26,4935.0,4671.09,4921.7,15367.52969736,73893290.99122925,0.03959224884142398,4551.29,3977.207,3406.9156,2967.1164000000003,2136.144,221.5014026291231,543.4042015127554,4734.26,4,80.02410461230089,355.0030544305637,336.54152973545115,18.46152469511253,247.05806453227459,0.134638793087549,0.2048225214198287
2017-09-02,4921.71,4979.9,4488.5,4599.9,16977.79362226,79485227.49399522,-0.06538391206290517,4589.364285714286,4037.4246666666663,3454.6462,2990.1901000000003,2154.0991,199.6279178753321,506.5381889387257,4921.7,5,65.16561886428474,340.49129566821193,337.3314829220033,3.1598127462086154,264.51105992282635,0.05020787718693409,0.11970925873635618
2017-09-03,4599.9,4700.0,4385.0,4606.26,11224.9145563,51111913.87249231,0.001382638753016474,4627.732857142857,4095.8,3507.3612,3013.4545000000003,2172.0727500000003,166.20433615626612,464.7603137027666,4599.9,6,65.3027400838227,325.7487918439392,335.0149447063905,-9.266152862451293,268.11741278548163,0.0059928103747255435,0.07113856113702632
2017-09-04,4603.68,4613.97,4058.5,4277.0,25069.12523005,107820477.87845989,-0.07148098457316787,4613.0199999999995,4129.579333333333,3554.5486,3035.8045,2188.2942500000004,194.02105762004874,438.26227832147583,4606.26,0,53.55036719698819,284.2204051799772,324.85603680110785,-40.63563162113064,288.64259758651866,-0.06476865214729288,-0.018131396379230336
2017-09-05,4282.53,4474.88,4001.93,4396.52,20884.21969353,88452547.03944387,0.027944821136310694,4586.977142857143,4168.705,3597.959,3057.9815999999996,2204.99955,210.87912096067052,405.69796219515416,4277.0,1,56.603430780791165,257.9792998998937,311.480689420865,-53.501389520971316,301.80741204462447,-0.0713395546505684,0.014570612316482823
2017-09-06,4397.38,4649.23,4356.42,4605.8,16634.10420534,75315373.1638547,0.04760128465240676,4591.634285714286,4209.3133333333335,3644.0008000000003,3081.1186,2222.74655,210.8841267028895,385.2680241377147,4396.52,2,61.38902781343761,251.17479519441622,299.41951057557526,-48.24471538115904,301.1647397557227,-0.06418513928114267,0.061811844119437076
2017-09-07,4605.81,4674.34,4475.0,4615.0,9254.85142692,42441050.809383005,0.001997481436449622,4574.597142857143,4249.399666666666,3690.9966000000004,3105.2335,2240.5625499999996,202.0745332556244,361.3113752896084,4605.8,3,61.589555731008204,243.7151428446041,288.27863702938106,-44.56349418477697,293.89154405888536,0.003282680058262155,0.05365537364240569
2017-09-08,4615.0,4679.97,4125.99,4312.0,23693.30162259,103567715.03254838,-0.06565547128927407,4487.497142857143,4281.7,3719.7360000000003,3125.3733999999995,2256.70255,152.95789068829322,318.2317719351031,4615.0,4,52.009160327139455,210.92236515920013,272.8073826553449,-61.88501749614477,312.46929091182216,-0.0638826292914425,-0.05827265540029958
2017-09-09,4327.41,4379.78,4164.0,4308.72,9974.38823453,42694105.82422728,-0.0007606679035250252,4445.900000000001,4311.556333333333,3752.5104000000006,3144.3242999999998,2272.62305,156.83925231481138,272.6797320399743,4312.0,5,51.91501792637076,182.56469187110088,254.7588444984961,-72.19415262739523,305.56291298954915,0.007416413373860342,-0.0578325898714247
2017-09-10,4322.44,4322.44,4010.0,4226.22,14724.20414387,61045567.37899716,-0.019147217735197453,4391.608571428571,4330.928333333333,3780.3806,3161.6970999999994,2288.1040999999996,157.85138827693223,242.69176901038912,4308.72,6,49.488547926011556,151.6854356838885,234.1441627355746,-82.45872705168611,306.0541334902956,-0.03873518146170152,-0.1073113855174832
2017-09-11,4226.21,4353.49,4092.4,4207.31,11191.59504385,47148244.61005771,-0.004474447615126498,4381.652857142858,4342.6686666666665,3809.5464,3178.3607999999995,2303.2001,168.1464588500512,226.88394225533688,4226.22,0,48.924095958811264,124.25518726731025,212.16636764192177,-87.91118037461152,302.8424096695602,-0.08651917147943888,-0.14515106568868474
2017-09-12,4198.89,4377.65,4080.0,4172.56,13294.43769742,56267564.95284312,-0.008259434175280633,4349.658571428572,4346.625,3837.798,3194.7837000000004,2318.1622,185.28030138402423,222.67001143254333,4207.31,1,47.84415714219432,98.57615859600446,189.4483258327383,-90.87216723673384,302.4715232645916,-0.09586998916576372,-0.09290201960912181
2017-09-13,4170.6,4179.14,3720.01,3865.34,29636.38096311,115516497.42430225,-0.07362865962382814,4243.878571428571,4331.928666666667,3863.8084000000003,3206.4571,2331.7279,222.33717970900636,239.3525832789122,4172.56,2,39.535308726424105,52.82630811454237,162.12392228909914,-109.29761417455677,313.66141445997795,-0.10358534322820034,-0.16085066843816898
2017-09-14,3861.89,3921.74,3210.0,3227.79,41319.3971257,146117940.12424847,-0.16494021224523592,4045.7057142857147,4300.999333333333,3877.8644,3209.9275999999995,2341.9716,390.81121400906767,311.87732349415046,3865.34,3,28.481274665687224,-34.478290503293465,122.80347973062064,-157.2817702339141,342.09559914140806,-0.25087032807887266,-0.24531447276128127
2017-09-15,3227.79,3820.0,2972.01,3700.01,60278.94654177,203201893.20372936,0.14629824121147905,3958.2785714285715,4278.371666666667,3898.538,3220.0974,2354.49845,389.76248602743846,330.1266816832372,3227.79,4,41.523012494102574,-64.81644280497858,85.27949522350079,-150.09593802847937,378.2309134884503,-0.12451079214995908,-0.15842302548379172
2017-09-16,3699.89,3872.9,3500.0,3678.93,23158.22891071,84913031.536313,-0.005697281899238238,3868.308571428572,4258.452666666667,3916.5764,3228.8266999999996,2366.93705,367.4354810225728,347.7984436416161,3700.01,5,41.1621640704068,-89.52859696949008,50.317876784902616,-139.8464737543927,377.85013395356106,-0.12558618214488604,-0.2012397411958835
2017-09-17,3669.07,3772.52,3463.0,3662.99,11770.21765049,42666587.56517909,-0.0043327815424594185,3787.847142857143,4243.885666666667,3936.225,3237.2334,2379.12005,336.3504697342938,363.4628273805473,3678.93,6,40.87291368223541,-109.14126935513832,18.426047556894428,-127.56731691203275,372.9694100997353,-0.12212406771861894,-0.2062860238353197
2017-09-18,3662.95,4122.7,3659.42,4101.6,17207.59892439,67996861.4901148,0.11974097663384309,3772.7457142857143,4243.954,3963.4096000000004,3249.2495,2393.3400500000002,316.1448048419828,363.43494726537153,3662.99,0,51.06319664106152,-88.27471616035973,-2.9141051865564034,-85.36061097380333,379.42016652118275,0.06112269554554062,-0.048794063079777295
2017-09-19,4102.0,4119.7,3848.35,3888.8,15278.9304404,60399822.790743165,-0.05188219231519409,3732.2085714285713,4238.291333333333,3984.0694,3258.5952999999995,2406.3574,271.3544853402828,367.71943018568146,4101.6,1,46.84487556522456,-87.89579595179748,-19.91044333960462,-67.98535261219286,371.70086891252686,0.20478717636525312,-0.09745817783471655
2017-09-20,3888.8,4050.0,3820.56,3874.46,11660.27181331,45854372.78118481,-0.0036875128574367366,3733.511428571429,4234.522666666667,4006.9386,3270.6693,2419.4297,272.1210361480526,370.94337762848266,3888.8,2,46.565711133104024,-87.74119127612266,-33.476592926908225,-54.26459834921444,361.53937827591784,0.04714852122021296,-0.0832327706555741
2017-09-21,3864.0,3914.0,3573.0,3617.05,17904.29717206,67009034.74110122,-0.06643764550414766,3789.12,4218.924333333333,4025.2094,3279.8096,2431.14995,173.4272462254336,386.9414514624603,3874.46,3,41.755415667975925,-107.15429369516823,-48.212133080560235,-58.942160614608,360.072279827638,-0.01682010802053846,-0.14029391701586058
2017-09-22,3607.83,3761.84,3514.0,3612.18,15007.73844949,54281678.692634,-0.0013464010726974562,3776.5728571428576,4202.393,4041.5856,3291.4314,2442.8184,183.81476833254382,402.13436831528765,3617.05,4,41.667716908892814,-121.53134779903348,-62.87597602425488,-58.6553717747786,352.0556884113781,-0.013871181739507854,-0.13430124432003387
2017-09-23,3611.91,3810.25,3552.0,3779.17,10123.23213552,37616287.985638484,0.046229700624,3790.8928571428573,4185.020666666666,4060.0690000000004,3304.9739999999997,2455.549,178.77564857612285,408.95660376750027,3612.18,5,45.86622628111884,-118.08930930150291,-73.91864267970449,-44.17066662179842,345.35528209627967,-0.07861078603471827,-0.022292993630573243
2017-09-24,3781.13,3783.25,3615.0,3664.22,6508.72499023,24018303.422652736,-0.0304167317162235,3791.068571428572,4161.962,4068.081,3316.7694,2468.11985,178.62952858068073,418.3784290394382,3779.17,6,43.54291781874231,-123.21660894815022,-83.77823593339365,-39.43837301475658,332.7049048036883,-0.057750462867722785,0.135210159273063
2017-09-25,3667.01,3968.59,3658.39,3918.0,14979.78226289,57639007.479726925,0.06925894187576076,3764.84,4148.116,4081.9860000000003,3329.6494000000002,2481.7554,133.11480295846349,419.3820068295787,3664.22,0,49.61138973345119,-105.5849877716123,-88.13958630103738,-17.44540147057492,331.0974116034249,0.011237695059440611,0.05891605698362978
2017-09-26,3920.66,3970.0,3850.61,3888.03,10014.62367124,39218073.736228555,-0.007649310872894333,3764.73,4133.127666666666,4091.9956,3343.3599,2495.6106999999997,132.99556032691677,420.4073342947786,3918.0,1,48.94233805748482,-92.958561063253,-89.10338125348052,-3.85517980977248,315.9754536317517,0.07491740506766553,0.056837178201270655
2017-09-27,3883.95,4226.73,3870.0,4199.29,15075.83871664,61259655.99561797,0.08005596664634784,3811.134285714286,4127.104333333334,4107.7332,3359.3728,2510.7244,211.28777018222127,418.03627550630887,3888.03,2,55.63421162345128,-57.17684713433027,-82.71807442965049,25.541227295320212,318.8864926580551,0.16253619697800215,0.1464104461109641
2017-09-28,4202.34,4270.01,4123.5,4184.84,9625.92938226,40312670.57905354,-0.003441057893119992,3892.247142857143,4113.971666666667,4124.5702,3373.8212,2525.5155,232.30271656571946,409.45665667701354,4199.29,3,55.2720341217973,-29.64385933093672,-72.10323140990774,42.459372078971015,306.5738860396226,0.10734367599234762,0.02029451921201475
2017-09-29,4183.47,4227.62,4022.02,4164.82,12191.93065131,50340083.94479097,-0.004783934391757061,3971.195714285714,4100.3589999999995,4139.606,3388.8989999999994,2540.1272999999997,214.482140737268,400.3500023587012,4184.84,4,54.740332638363675,-9.331645418524204,-59.54891421163103,50.217268793106825,299.361465608221,0.13661843448264577,0.07097819378728643
2017-09-30,4162.04,4349.0,4154.28,4326.09,7496.78249925,32067224.710706618,0.03872196157336938,4049.327142857143,4086.7533333333336,4153.2266,3405.0251000000003,2555.52845,231.7901243017321,384.6939755032528,4164.82,5,58.226420370097905,19.55366913300759,-43.72839754270331,63.2820666757109,291.8870752076338,0.10415773353751923,0.11656592144453692
2017-10-01,4326.09,4377.22,4216.0,4377.22,7211.3351358,30880241.69445383,0.011818986660009356,4151.184285714286,4068.6040000000003,4163.669,3421.9467999999997,2571.12795,186.61102225906697,355.6949093757932,4326.09,6,59.296858989767536,46.040526184686314,-25.774612797225387,71.8151389819117,282.55371269280283,0.12581950242153472,0.2101629781175267
2017-10-02,4369.33,4453.0,4352.0,4391.48,8259.8186315,36293133.20096895,0.0032577754830689365,4218.824285714286,4061.6566666666668,4170.4212,3440.285,2587.2222500000003,173.34117311025793,346.88628250263434,4377.22,0,59.60773463827895,67.40520876153232,-7.138648485473846,74.54385724700617,269.58559035760265,0.045767260655968034,0.21574229412709212
2017-10-03,4391.41,4425.0,4218.0,4315.83,12468.05725642,53559286.973365426,-0.0172265386612257,4279.938571428572,4051.9756666666667,4170.6132,3458.423,2603.4463,94.976779167092,335.01272937917406,4391.48,1,57.11551140816697,77.34101182018321,9.757283575657565,67.58372824452564,265.11519104634533,0.03130107722159026,0.14200472590542357
2017-10-04,4315.73,4343.0,4170.07,4219.53,8518.99274917,36072297.540620394,-0.02231320510770818,4282.83,4050.06,4171.8904,3476.4060999999997,2619.69695,92.38507491293623,333.84390050357376,4315.83,2,54.01926826425278,76.56204257188756,23.118235374903566,53.443807196984,258.530534543035,0.013136221973578666,0.15154930653727128
2017-10-05,4219.74,4358.97,4137.96,4301.09,8419.96284162,35915082.259046465,0.0193291669925324,4299.437142857142,4046.879,4170.3354,3493.7669999999994,2636.11255,81.66069999584664,330.870258647673,4219.53,3,56.185640441612335,81.58544794633508,34.811677889189866,46.773770057145214,255.85049636138965,-0.005778890406810788,0.09777692700357332
2017-10-06,4301.09,4425.0,4278.4,4362.95,8377.30164966,36557347.811519384,0.014382400740277301,4327.7414285714285,4038.784,4172.0644,3511.7975,2652.7475,58.187912956968695,319.4996646547139,4301.09,4,57.80928678935602,89.52611656795307,45.75456562494251,43.77155094301056,248.04688947843326,-0.003260060038106527,0.1221492632515695
2017-10-07,4356.09,4463.0,4312.82,4423.3,4646.40562117,20322999.739636194,0.013832384052074875,4341.628571428571,4032.3940000000002,4178.530400000001,3530.6145999999994,2669.29205,68.42726489459018,309.33319544486307,4362.95,5,59.39037462477993,99.5414425071931,56.51194100139263,43.02950150580047,241.0563973728309,0.007245848779910302,0.05334473208566215
2017-10-08,4422.72,4612.0,4404.5,4597.98,10083.86684927,45497645.258073874,0.03949087785137784,4373.165714285714,4041.9266666666667,4188.499,3551.9395,2687.0941500000004,119.42983223873915,322.37831729872846,4423.3,6,63.6379236212691,120.18841932560372,69.24723666623485,50.94118265936886,238.6595118462001,0.0653756056193131,0.09872300972080161
2017-10-09,4597.97,4865.0,4541.0,4764.7,12923.66661677,60478451.51360184,0.036259400867337366,4426.482857142857,4057.1260000000007,4202.6194,3575.4624000000003,2705.7694,190.89507097830327,345.3233178221764,4597.98,0,67.16764665433087,148.2947582081115,85.05674097461018,63.23801723350131,244.75526100004296,0.12920159354240868,0.14403503632810066
2017-10-10,4761.67,4909.97,4700.0,4749.29,11666.02496241,56094812.79119395,-0.003234201523705571,4488.405714285715,4074.561666666667,4217.8548,3597.9116000000004,2724.87055,217.47217591048283,366.6989636828601,4764.7,1,66.52484725724247,167.396137580924,101.52462029587295,65.87151728505106,242.2705995000399,0.10420614309395981,0.09782505680649267
2017-10-11,4747.9,4869.78,4700.0,4822.01,9866.89562175,47261278.26285102,0.015311762389746741,4574.4742857142855,4095.0516666666667,4232.595,3620.627,2744.2005,212.48841559460723,390.7568896304575,4749.29,2,68.07741069326141,186.2549831000115,118.47069285670067,67.78429024331082,237.0926995357513,0.10521779988310676,0.10161472350030376
2017-10-12,4822.01,5445.0,4793.66,5445.0,19916.22801995,102571429.22555684,0.12919716052019803,4737.89,4137.466333333333,4259.3326,3649.1158,2766.6255,357.54979662512505,462.0203122679262,4822.01,3,77.64362430987958,248.60507593576494,144.49756947251353,104.10750646325141,266.6817924260548,0.2309813939818688,0.2399008990135445
2017-10-13,5444.0,5846.43,5380.0,5653.6,27827.38028536,155836044.70667312,0.03831037649219482,4922.268571428572,4197.075,4286.397800000001,3679.6227999999996,2789.6939,452.22187395232663,535.2547913795993,5445.0,4,79.82383514477105,311.2622133320292,177.85049824441666,133.41171508761255,280.9495215384795,0.2295834257652276,0.3099681868840989
2017-10-14,5653.58,5817.34,5558.26,5801.29,8410.9362308,47789830.10031749,0.026123178151973958,5119.124285714285,4282.858333333334,4315.304,3711.6318,2813.4804000000004,496.5668082899215,578.9902627320223,5653.6,5,81.22023177539324,368.5869538751758,215.9977893705685,152.5891645046073,279.3874128571595,0.21755619451382047,0.37486639507243713
2017-10-15,5795.01,5830.0,5415.0,5679.7,11542.94583367,64468914.15957333,-0.020959131503510475,5273.655714285715,4348.848,4342.2303999999995,3743.4141999999997,2836.6991,475.21321505394394,621.52419390531,5801.29,6,76.52451176805158,399.59959157849516,252.71814981215385,146.8814417663413,289.07402622450525,0.1959050721265705,0.3205257271993842
2017-10-16,5683.92,5807.11,5548.0,5745.72,9066.79974453,51508137.062598564,0.011623853372537463,5413.801428571429,4417.741,4370.3912,3775.3707,2860.2592,443.71323710359775,658.1727914532021,5679.7,0,77.2921837409136,424.60995340783575,287.0965105312902,137.51344287654553,286.93373863704056,0.19156119543509864,0.3169346428448643
2017-10-17,5752.2,5776.31,5506.78,5597.31,9105.28187907,51031750.69938356,-0.025829661034648344,5534.947142857143,4482.218333333333,4394.7376,3806.3210000000004,2882.8941999999997,334.32882743960926,676.1851775858232,5745.72,1,71.6222093907403,427.527132010222,315.1826348270766,112.34449718314539,285.69061444868055,0.02797245179063368,0.2654149616801935
2017-10-18,5591.97,5617.75,5101.36,5582.05,18961.67579669,101672174.93331957,-0.0027263096022911437,5643.524285714286,4531.566666666667,4414.8022,3838.907,2905.38475,116.9550675626009,701.0156935738108,5597.31,2,71.04510321994573,423.7232447954502,336.89075682075133,86.83248797469889,302.1691419880605,-0.012655653035234193,0.21402224455086816
2017-10-19,5572.64,5735.14,5512.06,5698.69,9919.83821694,56086731.15279571,0.02089554912621705,5679.765714285714,4591.896333333334,4437.312,3872.8340999999996,2928.48815,78.00449022485311,721.3757188225641,5582.05,3,72.84611922274848,425.21885173777537,354.5563758041562,70.66247593361919,296.5199175603419,-0.01768572162398374,0.19602283459609215
2017-10-20,5700.0,6074.0,5589.8,5977.29,15109.06365101,89033933.5562095,0.04888842874415,5726.007142857144,4661.990666666667,4462.1726,3908.7269999999994,2952.6507500000002,135.01627737848483,750.8227477077338,5698.69,4,76.59143638511622,443.76932610298354,372.39896586392166,71.37036023906188,309.9256377346032,0.05239537299505259,0.25856496444731736
2017-10-21,5977.26,6180.0,5871.0,6013.46,15357.42373371,92920617.79227604,0.0060512372663865666,5756.317142857143,4741.871,4484.0078,3945.4617,2977.00305,173.16039517494738,763.1931894501497,5977.29,5,77.03431846905892,456.13132936799866,389.1454385647371,66.98589080326155,309.8595207535601,0.04659816350257229,0.24708575884330397
2017-10-22,6010.85,6071.07,5700.0,5969.0,12232.52332991,71906540.25034505,-0.007393414107685126,5797.645714285715,4820.431666666667,4511.389800000001,3983.018,3001.17515,185.88284400460188,764.197617631504,6013.46,6,75.15214198614726,457.0719150671648,402.73073386522265,54.34118120194216,314.23169784259153,0.0664051124558045,0.09623507805325993
2017-10-23,5967.38,6045.34,5617.75,5871.17,15331.63502934,89529298.3780065,-0.016389680013402574,5815.567142857143,4890.164999999999,4536.688,4022.0245999999997,3024.5767500000006,186.08953389111,761.348282673113,5969.0,0,71.03912072906866,444.7959418677392,411.143775465726,33.65216640201322,322.32871942526356,0.051794591592694506,0.03848344417716132
2017-10-24,5869.82,5870.0,5453.01,5523.4,17286.72373931,97586108.04160993,-0.05923350882362466,5805.008571428572,4952.137666666666,4561.616,4058.0823,3046.24045,201.95748838378543,733.2664778386788,5871.17,1,58.73334322815631,402.36677834263173,409.3883760411071,-7.021597698475375,329.1738108948876,-0.030759700913718713,-0.047901415030105476
2017-10-25,5518.49,5748.0,5366.0,5735.88,12349.1067022,68382553.74345146,0.038469058912988574,5826.984285714286,5012.733666666666,4588.4032,4093.1811,3068.9997,180.92755150954545,719.8507310091136,5523.4,2,62.955600268744924,381.4891513261773,403.8085310981212,-22.319379771943886,332.94711011668136,-0.040387868080685396,0.009891367501804638
2017-10-26,5741.35,5988.0,5683.0,5890.0,11788.30258919,69085559.52981697,0.026869460309490334,5854.314285714286,5079.465999999999,4614.0872,4129.044,3092.4187,172.5744899897989,704.6253327128373,5735.88,3,65.69717972239565,373.07905436085184,397.66263575066733,-24.583581389815492,330.95088796548987,-0.020530609665650013,0.025110865130914872
2017-10-27,5889.99,5994.06,5674.06,5771.89,11911.04199625,69059993.89041854,-0.020052631578947322,5824.971428571428,5131.886,4637.225,4164.1108,3115.2319,165.49694925975774,695.3221639399925,5890.0,4,61.91545677701957,352.8164535548458,388.6933993115031,-35.87694575665728,330.1686816822406,-0.03302228178924438,0.03118998233079817
2017-10-28,5773.03,5875.66,5646.18,5730.69,5926.29737158,33998229.28088443,-0.007138043171301067,5784.575714285714,5183.414333333333,4665.5988,4192.6674,3137.7904000000003,145.07112702133136,679.8257755645491,5771.89,5,60.60492921107314,329.633886501083,376.88149674941906,-47.24761024833606,322.976632990652,-0.02392708778659114,0.026628210066194313
2017-10-29,5731.7,6316.85,5683.0,6137.37,16086.62569466,96383034.7874489,0.07096527643268091,5808.6285714285705,5249.166,4702.1718,4227.341100000001,3162.4164,188.270861033477,673.2711708777963,5730.69,6,67.84082441308004,340.15610449028736,369.5364182975927,-29.380313807305356,345.1818734913198,0.11115798240214358,0.07697909519556245
2017-10-30,6133.01,6229.77,6024.03,6119.99,9574.64365313,58641140.80643949,-0.0028318318758686623,5844.174285714286,5308.962666666667,4740.0472,4260.2139,3187.1518,222.4355813006823,668.1039541606108,6137.37,0,67.2721452690997,343.1371458836493,364.25656381480405,-21.11941793115477,335.2217396705113,0.06696618478768723,0.023873695269929884
2017-10-31,6120.0,6449.78,6072.81,6434.21,13423.30855051,84371849.90827964,0.05134322114905432,5974.29,5377.5289999999995,4784.5851999999995,4297.065799999999,3213.47115,265.70686699193055,674.7035317180016,6119.99,1,71.86417393209092,366.6283077059852,364.73091259304033,1.8973951129448778,338.20375826547473,0.0923955857385399,0.06996803836726273
2017-11-01,6434.24,6756.36,6340.01,6741.59,12967.22211638,84905554.40986511,0.04777276464398894,6117.962857142857,5455.866,4835.9658,4336.8819,3241.31185,367.6541780312172,692.4666064379635,6434.21,2,75.48745424382321,405.3753056271207,372.85979119985643,32.51551442726429,343.7856326750836,0.1680038947381186,0.1294337409951416
2017-11-02,6745.04,7354.1,6700.0,7030.0,26514.65119452,184974517.98794273,0.042780709001882355,6280.82,5546.338333333334,4899.259,4381.5337,3270.6503,483.9430253311507,715.3115671682499,6741.59,3,78.30988622968431,454.1200441051942,389.111841780924,65.0082023242702,365.95094462686336,0.22672836953316278,0.19737633214504102
2017-11-03,7030.0,7500.0,6925.22,7146.82,15999.78379684,116044108.82411319,0.016617354196301504,6477.238571428571,5643.914666666667,4977.6395999999995,4427.752,3300.5017,520.5909429494064,727.6304360552874,7030.0,4,79.34718961755664,496.4541834358188,410.58031011190303,85.87387332391575,380.8673057249445,0.1644759889007832,0.2939167903827353
2017-11-04,7145.24,7569.9,6994.0,7388.83,9200.11461844,66746431.104662046,0.03386261302229521,6714.115714285714,5746.839333333333,5051.416,4474.977,3331.43295,501.1616965896046,749.1991659509463,7146.82,5,81.33830259352794,543.269999909262,437.11824807137486,106.1517518378871,394.798212458877,0.20732713615545117,0.2881772282544264
2017-11-05,7388.79,7590.0,7275.16,7372.72,9218.32689776,68648957.48823789,-0.002180318128851222,6890.594285714286,5847.165,5125.2918,4520.9340999999995,3362.2766500000002,481.3331243832806,758.9480785282403,7388.83,6,80.78000273143147,572.4728190846463,464.1891622740292,108.28365681061712,389.0869115689572,0.1458625068190189,0.25173514431239385
2017-11-06,7373.3,7421.39,6922.07,6967.68,19323.12875746,138591944.57072344,-0.054937662084006966,7011.692857142857,5931.977666666667,5191.3856,4563.8053,3390.9440999999997,341.4544025056278,736.1697252141911,7372.72,0,68.11999231270818,556.5177307567037,482.6548759705641,73.86285478613962,396.960703599746,0.033536598932892625,0.20717477290800757
2017-11-07,6967.64,7244.69,6945.0,7130.28,11634.26529651,82645535.12299481,0.02333631854505369,7111.131428571428,6016.3876666666665,5251.9592,4607.6844,3420.37745,227.635273952914,722.9980047126611,6967.68,1,70.142939557137,550.6461631976972,496.25313341599076,54.393029781706446,390.0127961997641,0.014264580369843571,0.24422713495233572
2017-11-08,7131.38,7888.0,7080.01,7450.32,24679.7205496,183500986.07463184,0.04488463286154265,7212.378571428571,6105.908333333334,5323.1896,4653.6295,3451.46305,190.4547363923642,728.9122448154765,7130.28,2,73.68271439048796,565.3010186634601,510.06271046548466,55.23830819797547,419.8683107569238,0.0424664396192993,0.21392713817156217
2017-11-09,7465.06,7490.0,7061.2,7148.0,14799.26577204,106987931.44818549,-0.04057812281888562,7229.2357142857145,6185.865333333334,5388.660399999999,4697.7995,3480.9931,176.31957443395402,706.1753919712368,7450.32,3,65.75244733625152,546.2238710236616,517.2949425771201,28.928928446541477,420.50628856000066,-0.03259379360467085,0.16797576466628228
2017-11-10,7150.61,7343.18,6429.44,6588.18,26614.27605231,181280686.3592532,-0.07831841074426404,7149.43,6244.737666666667,5448.0830000000005,4736.6462,3507.6661,301.69216336082116,660.7102764902841,7148.0,4,54.133770156228486,480.3946086731221,509.91487579632053,-29.520267123198437,455.7372679485721,-0.106411202378498,0.023929899707967328
2017-11-11,6588.18,6820.0,6218.0,6355.13,14942.70255533,96815699.84374471,-0.03537395760285844,7001.7585714285715,6275.075333333333,5502.941999999999,4772.2638,3533.0967499999997,401.4683762734218,643.3907732380055,6588.18,5,50.160127784190074,404.7535101514968,488.88260266735585,-84.12909251585904,466.1846059522455,-0.08791304996785154,-0.05732475573269813
2017-11-12,6355.13,6488.88,5555.55,5870.37,37315.1566398,225638748.82042584,-0.07627853403470897,6787.137142857143,6282.301,5544.7660000000005,4802.4175,3556.0086499999998,545.7490811937367,637.3595162227027,6355.13,6,43.07695476387954,302.20765221972124,451.54761257782894,-149.3399603581077,499.55213409851365,-0.17669853077298503,-0.16495448079658603
2017-11-13,5870.03,6775.75,5846.0,6525.17,27202.28180796,173966826.6072293,0.11154322470304256,6723.921428571428,6306.430333333334,5601.985,4835.032999999999,3581.97685,546.9780362265782,632.2028936077993,5870.37,0,52.77728919789814,270.65625182052645,415.36934042636847,-144.71308860584202,530.2805530914769,-0.12417587432486121,-0.08698274197475231
2017-11-14,6524.69,6750.0,6466.88,6609.0,12072.05308804,79507704.94625847,0.01284717486287712,6649.452857142857,6337.407000000001,5655.805,4868.8955,3608.3683499999997,517.1025852354063,623.1373717487842,6525.17,1,53.86131415543379,249.53938539015417,382.20334941912563,-132.66396402897146,512.6262278706571,-0.07540570789031897,-0.10554174341539868
2017-11-15,6609.0,7350.0,6609.0,7294.0,16869.89791295,119185893.56214139,0.1036465425934332,6627.121428571429,6389.016333333334,5723.924400000001,4907.96,3638.1733499999996,478.7018020796281,636.4171344356746,6609.0,2,61.61525993478111,284.79495288328053,362.7216701119566,-77.92671722867607,528.9386401656101,0.10713429201995073,-0.010677199188359299
2017-11-16,7294.0,7976.79,7120.85,7846.96,19272.37147666,145771831.39589387,0.07581025500411287,6726.972857142857,6464.004666666667,5796.877799999999,4952.3055,3670.6571000000004,648.3095957363329,671.4852198529029,7294.0,3,66.50833723979984,353.28207894902516,360.8337518793703,-7.551672930345148,552.2958801537808,0.23474421451646155,0.12619408468816018
2017-11-17,7846.96,7997.0,7528.5,7674.99,17714.36787452,138118716.40387315,-0.0219154933885225,6882.231428571429,6533.769333333333,5866.680800000001,4995.6255,3702.0777500000004,734.0036863537882,685.2763800854148,7846.96,4,63.785094619247296,389.19567254527556,366.50613601255134,22.68953653272422,546.3104601427965,0.30741162822786294,0.0763939144044834
2017-11-18,7675.0,7858.0,7431.54,7771.03,7326.81014016,56274036.97092504,0.01251337135292685,7084.5028571428575,6602.847333333333,5938.805,5039.2055,3733.6941500000003,759.1990668178809,702.4295561143263,7674.99,5,64.65548956250001,420.55913564723414,377.31673593948796,43.24239970774619,537.7497129897396,0.19093142400887642,0.043046473171622246
2017-11-19,7775.55,8087.35,7675.0,8016.58,8307.77750857,65337005.61907509,0.031598127918692986,7391.104285714287,6670.823666666667,6012.614799999999,5082.9207,3766.2609500000003,604.8302092008165,737.5987549660397,7771.03,6,66.84927668828405,459.926986959058,393.838786143402,66.08820081565602,528.7925906333296,0.21297927069148126,0.12151371012870738
2017-11-20,8016.58,8269.99,7900.0,8226.17,8179.45772727,66364185.314806275,0.026144565388232843,7634.104285714287,6744.580666666666,6089.5938,5126.6314,3799.70565,536.8219834935079,779.0639421189156,8016.58,0,68.63857831798903,502.2488421240578,415.5207973395332,86.72804478452457,517.4495484452347,0.12779956128324654,0.24862556882173825
2017-11-21,8226.14,8354.46,7770.0,8095.23,13686.511238699999,110796991.9174479,-0.015917492587680604,7846.422857142858,6815.455,6163.6688,5167.045,3832.6073000000006,309.65328706551117,802.4383372753883,8226.17,1,66.23336376430059,519.2380011037694,436.2642380923804,82.973763011389,522.236009270575,0.03163900414937748,0.2738102918429677
2017-11-22,8095.19,8310.89,8045.76,8214.69,8078.58080138,66223082.948504776,0.014756838286250185,7977.95,6893.5723333333335,6241.646,5206.1296,3865.89065,217.81678057486718,821.1939617103377,8095.23,2,67.35721194252821,536.1609262177462,456.2435757174536,79.91735050029263,503.87129432267676,0.07031930986229318,0.3993479116307832
2017-11-23,8214.69,8279.76,7980.0,7989.0,7811.79339997,63659931.78148848,-0.027473952151572445,7998.2414285714285,6975.759000000001,6317.035399999999,5244.4629,3898.0656,210.05809802913785,802.5041897896726,8214.69,3,63.08529800179146,525.3057715210871,470.05601487818035,55.24975664290673,489.29191615677126,0.028049048839085655,0.22433591768490313
2017-11-24,7988.96,8340.0,7876.0,8199.19,9289.98925704,75762440.97230728,0.026309926148454288,8073.127142857143,7057.869333333334,6394.9974,5282.6664,3930.81385,164.0021230263276,797.2711332216188,7989.0,4,65.29299729809074,527.5819235790186,481.56119661834805,46.02072696067057,487.4853507170019,0.022779040438690945,0.24060977454985633
2017-11-25,8199.83,8737.0,8114.78,8717.99,11611.66637888,97622764.7501739,0.06327454297314716,8208.407142857142,7152.135666666667,6482.0982,5327.0813,3965.8024,244.22013640117675,821.2499753075319,8199.19,5,70.05356061138082,564.7386589682355,498.19668908832557,66.54196987990997,497.1092542372161,0.05978723999139324,0.19522758431587595
2017-11-26,8718.0,9366.6,8538.2,9271.06,12021.21548696,108526863.72620824,0.06344008194549433,8387.618571428571,7268.774666666666,6579.053400000001,5378.791899999999,4003.2947999999997,451.9360462288357,865.7409956863148,8717.99,6,74.12774221463803,631.533837304878,524.8641187316362,106.66971857324188,520.7728789345578,0.14524973348502757,0.18148429455483384
2017-11-27,9278.99,9721.7,9267.0,9708.07,13272.45254013,126476548.23016122,0.047137004830084095,8599.31857142857,7401.354,6681.255199999999,5434.877100000001,4042.6929000000005,661.9774975135374,924.6221142252978,9271.06,0,76.81216739512989,711.5304717588888,562.1973893370867,149.33308242180203,516.0533875820894,0.1817938351903723,0.26489676208047186
2017-11-28,9708.06,9968.0,9582.25,9868.82,11214.92993115,110503296.80496393,0.0165583890515828,8852.688571428573,7525.7356666666665,6783.3376,5492.9785,4083.57945,767.8367159630695,996.8824595766472,9708.07,1,77.7276038574953,778.9206500717592,605.5420414840212,173.37860858773797,506.7460027547973,0.2353010389285266,0.2699500581004062
2017-11-29,9877.63,11395.0,9250.0,9824.68,33432.33996208,346940351.0207574,-0.004472672518092247,9082.687142857143,7649.225333333334,6884.845399999999,5551.3501,4123.8184,785.797799939956,1045.037497155105,9868.82,2,76.8306530904173,819.3214946180606,648.2979321108292,171.02356250723142,623.764145415169,0.19825007104360304,0.2255450578675695
2017-11-30,9833.7,10618.29,9000.0,9947.67,25433.45836367,247090643.9137305,0.012518473884136627,9362.497142857143,7766.340666666667,6987.3586,5609.9767999999995,4164.63675,671.9198139588344,1099.6253802496426,9824.68,3,77.60608817331331,851.4487489535613,688.9280954793755,162.5206534741858,694.8017064569427,0.14105086149445012,0.20927114319300477
2017-12-01,9927.29,10949.89,9370.11,10840.45,16708.03224846,171885313.82373995,0.0897476494495697,9739.820000000002,7902.9693333333325,7095.2676,5677.3001,4210.3116,651.0646137929255,1216.3557189774588,9947.67,4,82.2500456011589,938.1354724477169,738.7695708730439,199.365901574673,758.0144417100182,0.16927837809268853,0.339115750880457
2017-12-02,10840.45,11200.0,10637.69,10872.0,9267.16105468,101267201.9139515,0.0029103957861527086,10047.535714285714,8031.035999999999,7199.6356000000005,5743.0167,4256.17155,594.163707206946,1319.184065049292,10840.45,5,82.38903478968747,997.8782276360416,790.5913022256434,207.28692541039823,744.0355530164454,0.11989303744204571,0.32348268772163036
2017-12-03,10875.68,11800.01,10513.16,11250.0,14238.525877,160145423.96850488,0.0347682119205297,10330.24142857143,8167.808666666667,7308.609800000001,5811.956900000001,4303.506600000001,632.6836022170015,1432.2136201089982,10872.0,6,84.00504438998155,1063.4672440640898,845.1664905933328,218.30075347075694,782.8080135152708,0.13995391546304425,0.40818625610214054
2017-12-04,11250.0,11613.07,10850.0,11613.07,13621.48197282,154170772.48433578,0.032272888888888795,10602.384285714286,8308.616666666667,7427.2771999999995,5884.7538,4352.177,723.6310014286043,1555.347293084641,11250.0,0,85.39162736808686,1131.6982142676734,902.472835328201,229.22537893947242,781.398155407037,0.18203035620498564,0.4163679582983195
2017-12-05,11613.07,11850.0,11384.25,11677.0,11875.03377686,138422534.30680043,0.005505004275355274,10860.695714285715,8452.092666666667,7545.902799999999,5958.147,4400.772,740.6595901144894,1660.978042718391,11613.07,1,85.62788322575149,1177.3585104184258,957.449970346246,219.9085400721798,758.8518585922486,0.17384271894825631,0.3394142457148954
2017-12-06,11676.99,13700.0,11659.8,13623.5,19784.87348713,250625242.20962766,0.16669521281150979,11403.384285714286,8673.953333333333,7706.426599999999,6050.5821,4458.819549999999,1139.41816530568,1885.241243807804,11677.0,2,90.6082524738748,1354.9914089933045,1036.9582580756578,318.0331509176467,850.3767258356595,0.2567282723503175,0.46946519599700576
2017-12-07,13623.0,16615.62,13085.9,16599.99,25787.67655646,382730767.8444987,0.21848203471941874,12353.715714285716,8989.610333333334,7926.785400000001,6170.7938,4531.73175,2095.763211488493,2352.6936250347535,13623.5,3,94.02049925672135,1716.1617835577472,1172.7989631720757,543.3628203856715,1041.7583882759695,0.5268570640176602,0.7099165951625814
2017-12-08,16599.99,16666.66,13482.42,15800.0,25473.39531065,389463895.65406436,-0.04819219770614325,13062.222857142857,9267.932999999999,8128.8116,6283.0617999999995,4600.2319,2324.735335736909,2640.5846987259915,16599.99,4,85.0739522744406,1915.755760398175,1321.3903226172956,594.3654377808793,1194.7927891134002,0.4044444444444444,0.6010019434947644
2017-12-09,15799.87,15998.5,12701.05,14607.49,16587.47292694,238968897.95953763,-0.07547531645569616,13595.864285714286,9516.582666666665,8301.4156,6381.794099999999,4661.9482,2161.162050308867,2781.5270695031577,15800.0,5,73.80055804754234,1955.1718304538026,1448.1466241845972,507.02520626920546,1344.9825898910146,0.2578491303333228,0.48681585558002904
2017-12-10,14601.01,15385.0,13011.0,14691.0,18487.98304099,263268672.60060102,0.0057169301502175696,14087.435714285715,9786.676666666666,8474.9664,6479.487099999999,4723.30175,1916.0929929664749,2879.0588848421426,14607.49,6,74.05979247001804,1970.433972742925,1552.6040938962628,417.82987884666227,1418.4838334702279,0.2581142416716622,0.4768282421913874
2017-12-11,14690.99,17270.0,14677.19,16470.0,16583.72315538,270234114.09047544,0.12109454768225447,14781.282857142856,10123.839,8684.9864,6598.188099999999,4794.1891,1742.2511314456908,3050.502315284175,14691.0,0,78.858808817324,2101.850933536478,1662.453461824306,439.39747171217186,1502.36427393664,0.20894043380922667,0.5193096227555127
2017-12-12,16470.0,17428.42,15967.29,16650.01,13517.89210328,227882946.51837036,0.010929568913175425,15491.712857142857,10483.160333333333,8900.5632,6718.625599999999,4866.04005,1192.7019474805027,3164.931342397962,16470.0,1,79.27658669453142,2195.219994744686,1769.0067684083822,426.21322633630393,1499.4189686554512,0.003013254827261669,0.5314578734363502
2017-12-13,16650.01,17107.03,15497.69,16250.0,17136.7058582,281654639.4095075,-0.02402461019542923,15866.927142857141,10807.321333333333,9115.0952,6838.355599999999,4937.0800500000005,878.8730855611525,3242.6323029151,16650.01,2,75.69683733533728,2211.4460114206922,1857.4946170108442,353.95139440984804,1507.2704708943472,0.028481012658227778,0.4444444444444444
2017-12-14,16245.02,16830.45,15852.69,16404.99,13409.52428786,219302743.12894616,0.00953784615384623,15839.070000000002,11133.854333333333,9328.4774,6958.440299999999,5008.21095,854.5179680186008,3298.0377749584627,16250.0,3,76.14628712085684,2211.320913244679,1928.2598762576113,283.06103698706784,1469.448294401894,0.12305331032230749,0.4126316297068735
2017-12-15,16404.99,17934.0,16337.19,17471.5,18998.38813709,329367866.3187205,0.06501131667864457,16077.855714285713,11473.104333333333,9560.1074,7087.097299999999,5084.10795,1052.4080850262133,3410.951410437169,16404.99,4,79.02131804151263,2271.100384323363,1996.8279778707617,274.2724064526012,1478.545559087473,0.18926553672316393,0.4962319088807057
2017-12-16,17477.98,19377.0,17269.99,19187.78,9761.22080853,179924392.8776948,0.09823312251380822,16732.182857142856,11851.131666666666,9828.4252,7232.8251,5169.0293,1363.697322511038,3617.4064541431358,17471.5,5,82.64616647765834,2428.9658914724914,2083.255560591108,345.71033088138347,1523.4358762955105,0.16501396478445662,0.40843248798032805
2017-12-17,19187.78,19666.0,18465.0,18953.0,9749.24915462,186343100.30525386,-0.012235912648571046,17341.04,12227.065333333334,10092.8714,7379.2351,5252.30425,1246.9078091689962,3751.9642907450125,19187.78,6,80.59464770851605,2506.2402815013247,2167.8525047731514,338.3877767281733,1500.4047422744027,0.13831763464406333,0.14174767575161185
2017-12-18,18953.0,19220.0,17835.2,18940.57,14678.94144797,273550643.1208501,-0.0006558328496808485,17693.97857142857,12599.383333333333,10348.9354,7525.553600000001,5334.93895,1307.4466592233275,3847.5075602330603,18953.0,0,80.48074357756096,2537.23018501108,2241.728040820737,295.50214419034273,1492.1472606833738,0.16557353846153844,0.198770253164557
2017-12-19,18940.58,19160.79,16831.26,17700.0,21528.13766503,387230642.29120654,-0.06549802883440148,17843.977142857144,12922.164,10580.535600000001,7660.2914,5410.994250000001,1225.3686166308328,3855.9613568519007,18940.57,1,69.86760236126763,2433.6328708376823,2280.1090068241265,153.5238640135558,1551.9603134917045,0.07894000544956126,0.2117071447592982
2017-12-20,17700.0,17950.0,15343.04,16466.98,31172.2288067,521458543.24134827,-0.06966214689265537,17874.97428571429,13196.857666666667,10781.191,7782.8881,5480.62445,1180.24020995524,3803.0584973383075,17700.0,2,61.2255274314149,2226.372606219349,2269.361726703171,-42.98912048382181,1627.3174339565828,-0.05749477720859686,0.12088897964740308
2017-12-21,16466.98,17281.17,15005.0,15600.01,20377.86043859,326751682.0535253,-0.05264899817695767,17759.977142857144,13447.017,10958.359400000001,7897.1626,5545.973150000001,1371.1211969371752,3701.3767690965897,16466.98,3,55.98215802807414,1969.4574404218602,2209.380869446909,-239.9234290250488,1673.664045816827,-0.18698202710266631,-0.05282270795385546
2017-12-22,15600.0,15795.61,11159.93,14009.79,57444.885803260004,772293953.7053511,-0.10193711414287554,17265.447142857145,13640.187,11097.9552,7998.607099999999,5602.5321,1981.1026020183256,3567.6976917171346,15600.01,4,47.882087166560915,1618.8715134816994,2091.278998253867,-472.40748477216766,1885.2366139727678,-0.2608141191368121,-0.15857167653352744
2017-12-23,13980.0,15756.22,13496.48,14619.0,21786.4086642,322111523.4737575,0.043484591846130405,16612.764285714286,13861.187,11247.398799999999,8112.519199999999,5661.223400000001,1994.7831795532475,3407.3068956087714,14009.79,5,50.817978987581526,1374.345200198306,1947.892238642755,-573.5470384444491,1911.9868558318558,-0.22816472788305742,-0.10036923076923077
2017-12-24,14619.0,14619.1,12488.0,14157.87,18519.48932254,250495097.2564938,-0.03154319720911136,15927.745714285715,14059.809666666666,11382.7796,8217.0978,5718.5976,1877.0548408686907,3235.1983897388473,14619.0,6,48.5869082735649,1130.3174026093402,1784.3772714360723,-654.0598688267321,1927.637794701009,-0.20012033898305082,-0.1369778341833796
2017-12-25,14107.87,14650.0,13210.0,13911.28,11564.54433309,161328084.58722976,-0.017417167977951453,15209.275714285714,14232.919333333333,11513.5508,8319.4213,5774.124,1444.2783127322143,3074.459666673076,14157.87,0,47.38876675003181,906.5754255512129,1608.8169022591005,-702.2414767078876,1892.806523650937,-0.1552015002143683,-0.20377300174570012
2017-12-26,13925.5,16147.87,13746.95,15764.44,15051.16401761,230992511.38498908,0.13321275971729407,14932.767142857143,14449.365333333333,11689.486,8440.435800000001,5838.834599999999,1007.0534621643448,2938.664993631996,13911.28,1,56.14185411417343,868.7780882486768,1460.8091394570158,-592.031051208339,1929.1003433901558,0.010540377858732075,-0.17841251046238793
2017-12-27,15764.45,16480.52,14484.0,15364.93,15643.75488215,241914565.70381093,-0.02534247965674641,14775.33142857143,14637.927333333333,11854.178999999998,8553.069099999999,5901.1593,789.9782348358356,2802.2682609578856,15764.44,2,54.05395422656346,797.3944412082456,1328.1261998072619,-530.7317585990163,1933.9160331480018,0.09672807372558756,-0.18931409275576427
2017-12-28,15390.05,15474.19,13500.0,14470.07,16557.21732271,234382504.67555553,-0.058240421531370545,14613.91142857143,14791.302333333333,11994.574,8658.881800000001,5958.73855,704.1648182878412,2654.2522123328176,15364.93,3,49.60403573790608,660.9951229719172,1194.699984440193,-533.7048614682758,1936.7927450660015,-0.010187427320610176,-0.23602774362123213
2017-12-29,14436.99,15111.0,13998.0,14340.0,13505.70299216,195743655.68334067,-0.008988899155290886,14661.084285714285,14941.813,12138.414,8763.5372,6017.103249999999,667.0302802936556,2485.567457337142,14470.07,4,48.97295112721127,536.2208978810941,1063.0041671283734,-526.7832692472793,1877.9504061327157,0.012864223220018234,-0.18983050847457628
2017-12-30,14351.0,14463.28,12050.0,12640.0,21749.67444609,286114766.57671124,-0.11854951185495122,14378.369999999999,15031.557333333334,12259.4504,8853.7667,6066.788149999999,1015.9638609386678,2343.5794858306845,14340.0,5,41.53517521761392,296.7399990449103,909.7513335116809,-613.0113344667706,1916.1882342660933,-0.09138483302758627,-0.23240327005923367
2017-12-31,12640.0,14296.06,12491.21,13880.0,11583.41864698,154555556.9586758,0.09810126582278489,14338.674285714285,15132.875666666667,12409.9478,8956.4449,6123.938149999999,1031.3274261174176,2218.5061831699527,12640.0,6,47.766666659562915,204.64824070835675,768.7307149510161,-564.0824742426594,1908.2355032470866,-0.11953738921268375,-0.11025698060449962
